file_name,name,email,phone,years_of_experience,education,skills,certifications,experience_summary
Dian.pdf,Olson Harris,dian@example.com,(076) 217-8344,,"es to 
improve office efficiency and reduce costs.   
EDUCATION  
Bellows College, Berkeley, CA  
• Bachelor of Science in Business Administration, 2015 -2020  
COMMUNICATION  
As an office manager, I, ented office policies and procedures to 
improve office efficiency and reduce costs.   
EDUCATION  
Bellows College, Berkeley, CA  
• Bachelor of Science in Business Administration, 2015 -2020  
COMMU, cies and procedures to 
improve office efficiency and reduce costs.   
EDUCATION  
Bellows College, Berkeley, CA  
• Bachelor of Science in Business Administration, 2015 -2020  
COMMUNICATION  
As an , es to 
improve office efficiency and reduce costs.   
EDUCATION  
Bellows College, Berkeley, CA  
• Bachelor of Science in Business Administration, 2015 -2020  
COMMUNICATION  
As an office manager, I, ION  
As an office manager, I have honed my communication skills 
through years of experience in verbal and written 
communication with clients, vendors, and team members. I 
have extensive ex...","Communication, Leadership",None specified,Not specified
Hasith.pdf,Unknown,,,,"fostering business growth through effective collaboration and ownership 
mentality.  
 
EDUCATION  
Bachelor of Science in Accounting, Minor in Business Administration | Bellows College  
Degree obtai, fostering business growth through effective collaboration and ownership 
mentality.  
 
EDUCATION  
Bachelor of Science in Accounting, Minor in Business Administration | Bellows College  
Degree obtai, p 
mentality.  
 
EDUCATION  
Bachelor of Science in Accounting, Minor in Business Administration | Bellows College  
Degree obtained June 20 22 
• Distinguished member of university’s Accounting Soci, Minor in Business Administration | Bellows College  
Degree obtained June 20 22 
• Distinguished member of university’s Accounting Society , GPA: 3.8  
• Relevant coursework: Advanced Financial Accoun, and financial statement preparatio n 
• Manage pro forma budgeting, general ledger accounting, and bank reconciliation  
Bookkeeper | Bandter Real Estate | Berkeley, CA  
May 2022 – February 2...","Communication, Accounting",None specified,Not specified
Mithud.pdf,Kai@ Lamnahealthcare .Com +94762345678,,+94762345678,,"– June 20 20 
Dean's List, Medical Research Award  
 
Bellows College  
September 20 14– May 2017 
Bachelor of Science in Biology, Cum Laude, 
outstanding research thesis  Profile  
Experienced and 
c, ractitioner   
 
MITHUD DINESH   
 Work Experience  
Lamna Healthcare | General Practitioner  
December 20 24 – present  
Implemented evidence -based medicine for 
accurate diagnosis, spearheaded a co, rience  
Lamna Healthcare | General Practitioner  
December 20 24 – present  
Implemented evidence -based medicine for 
accurate diagnosis, spearheaded a community 
health fair, provid ed free screeni, t  
Electronic  health records   
Hobbies  
Running  
Photography  
Travel  
Cooking  
Dancing  
Scuba diving   
 Education  
Jasper University  
September 20 17 – June 20 20 
Dean's List, Medical Res, Photography  
Travel  
Cooking  
Dancing  
Scuba diving   
 Education  
Jasper University  
September 20 17 – June 20 20 
Dean's List, Medical Research Award  
 
Bellows College  
September 20...",Excel,None specified,Not specified
Dian.docx,Unknown,,,,Not specified,Not specified,None specified,Not specified
Hasith.docx,Unknown,hasith@example.com,,,tch strategic solutions and fostering business growth through effective collaboration and ownership mentality.,Accounting,None specified,Not specified
Mithud.docx,Unknown,,,,Not specified,Not specified,None specified,Not specified
Saranya Himashi_Madumali_Resume.txt,Samanala Lane,madumali@gmail.com,+94752170335,,"growth. Let's achieve success together!
Detail-oriented professional with 3+ years of experience in Banking. Skilled in Analytical].

EXPERIENCE
Accountant, GMC Private Limited, Colombo, Sri Lanka
FEB, ing reporting speed.
Implemented cost-saving measures, saving the company $50K annually.

EDUCATION
BA in Finance And Banking, , University of Ruhuna, Galle
2014 — 2018
Graduated with Honors in BA Fin, d.
Implemented cost-saving measures, saving the company $50K annually.

EDUCATION
BA in Finance And Banking, , University of Ruhuna, Galle
2014 — 2018
Graduated with Honors in BA Finance and Banking
A, ATION
BA in Finance And Banking, , University of Ruhuna, Galle
2014 — 2018
Graduated with Honors in BA Finance and Banking
Achieved a GPA of 3.8/4.0
Completed a capstone project on investment strategi, ance And Banking, , University of Ruhuna, Galle
2014 — 2018
Graduated with Honors in BA Finance and Banking
Achieved a GPA of 3.8/4.0
Completed a capstone project on investment strategies
Rece...","Problem Solving, Excel","Certification, CPA License, CPA",Not specified
